{
  "train_loss": [
    224.37112713527011,
    100.9940504019077,
    85.92714549278045,
    77.22226073941984,
    71.45311654197586,
    69.71329842163966,
    67.0028674244047,
    65.48797722129555,
    63.72120076459605,
    61.970335822005374,
    61.272449420882275,
    60.14155502502735,
    60.00214308375245,
    59.10595327490693,
    58.12020795828813,
    58.4087241162787,
    58.14024744917463,
    57.11819431498334,
    57.861360626620844,
    54.69262654714651,
    53.94232340167452,
    53.46243070930868,
    53.913286635092085,
    52.04166995395314,
    52.09895823301969,
    51.2755219144421,
    49.91011530452675,
    50.30459148733766,
    48.50504239247395,
    50.09271671555259,
    48.18281713315657,
    47.03174169455375,
    46.77829411771748,
    46.41196790983627,
    46.026173074345486,
    45.59391239556399
  ],
  "val_loss": [
    136.49643468856812,
    115.479621745646,
    100.2543997913599,
    90.97954255715013,
    86.19532951712608,
    84.2354811327532,
    82.41742626205087,
    78.50284022744745,
    77.16073483042419,
    74.60974505729973,
    74.23302369192243,
    73.63437455520034,
    76.56277502607554,
    71.99009514413774,
    70.77181299682707,
    69.92312343046069,
    79.55522480420768,
    71.52803533151746,
    74.59866809658706,
    70.631762098521,
    73.06759008578956,
    71.98418186698109,
    72.23019466269761,
    72.68517233617604,
    74.76069973036647,
    72.22627963405102,
    75.81858748476952,
    74.62842269334942,
    76.081497666426,
    79.64810074865818,
    78.66580157820135,
    76.8881862796843,
    76.88003997411579,
    78.71646384662017,
    81.21716826502234,
    79.29017137316987
  ]
}